<root>
<template>					
	<id> INT32					<Default>0</Default>							  						</id>	
	<className>	example_1											<describe>示例1 一般类型</describe>			</className> <!-- className用于区分表类型,"example_1"是一个的表结构名 -->
	<description> STRING
	    <Default>一般类型</Default>
	</description>
	<!-- 前面三个是必要字段  -->
	
	
	<sting> STRING 				<Default></Default> 				<describe> 字符串 </describe> 		</sting>
	<bool> BOOL 				<Default>false</Default>			<describe> 布尔型 </describe> 		</bool>
	<float> FLOAT 				<Default>0.0</Default>				<describe> 浮点型 </describe> 		</float>
	<vector2> VECTOR2 			<Default>10.0 100.0</Default>		<describe> 2D向量 </describe> 		</vector2>
	<vector3> VECTOR3 												<describe> 3D向量 </describe> 		</vector3>
	<vector4> VECTOR4 			<Default>1.0 2.0 3 4</Default>		<describe> 4D向量 </describe> 		</vector4>

	<enume> ENUME 				<describe> 枚举 </describe>
		<Properties>
			<Arg>						<Value>0</Value>						<Name>枚举选项0					</Name>									</Arg>
			<Arg>						<Value>1</Value>						<Name>枚举选项1					</Name>									</Arg>
			<Arg>						<Value>2</Value>						<Name>枚举选项2					</Name>									</Arg>
			<Arg>						<Value>3</Value>						<Name>枚举选项3					</Name>									</Arg>
		</Properties>	<Default>3</Default>
	</enume>
	
	<fixed_array> FIXED_ARRAY				<describe> 固定数组 </describe>
			<Properties>
			<fixed_array1>	INT32					<Default>1</Default>													</fixed_array1>
			<fixed_array2>	VECTOR2					<Default></Default>														</fixed_array2>
			<fixed_array3>	VECTOR4					<Default></Default>														</fixed_array3>	
		</Properties>
	</fixed_array>
	
	<array> ARRAY<of>STRING</of>  		<describe> 数组 </describe>				</array>
			
	<mul_select> MUL_SELECT				<describe> 多选 </describe>
		<Properties>
			<select1>					1																														</select1>
			<select2>					2																														</select2>
			<select3>					3																														</select3>
			<select4>					4																														</select4>
			<select5>					5																														</select5>
		</Properties>					<Default></Default>
	</mul_select>


	<union> UNION						<describe> 联合体 </describe>
		<Properties>
			<整型> INT32 					<key>1</key>	<describe> 整型描述 </describe>			</整型>											
			<浮点型> FLOAT 					<key>2</key>	<describe> 浮点型描述 </describe>		</浮点型>
			<二维向量> VECTOR2 				<key>3</key>	<describe> 二维向量描述 </describe>	</二维向量>
			<三维向量> VECTOR3 				<key>4</key>											</三维向量>
			<四维向量> VECTOR4 				<key>5</key>	<describe> 四维向量描述 </describe>	</四维向量>
			<字符串> STRING 				<key>0</key>	<describe> 字符串描述 </describe>		</字符串>
		</Properties>	<Default>字符串</Default>
	</union>

	<fixed_dict> FIXED_DICT				<describe> 字典 </describe>
		<Properties>
			<sting> STRING 				<Default></Default> 				<describe> 字符串 </describe> 		</sting>
			<bool> BOOL 				<Default>false</Default>			<describe> 布尔型 </describe> 		</bool>
			<float> FLOAT 				<Default>0.0</Default>				<describe> 浮点型 </describe> 		</float>
			<vector2> VECTOR2 			<Default>10.0,100.0</Default>		<describe> 2D向量 </describe> 		</vector2>
			<vector3> VECTOR3 												<describe> 3D向量 </describe> 		</vector3>
			<vector4> VECTOR4 			<Default>1.0,2.0,3,4</Default>		<describe> 4D向量 </describe> 		</vector4>
		</Properties>
	</fixed_dict>

</template>



<!-- 下面把模板放在example_type.xml文件中，易于阅读 -->
<template>						
	<id> INT32								<Default>0</Default>				</id>	
	<className>	example_2					<describe>示例2 嵌套（可自由搭配嵌套）</describe>   </className>	<!-- className用于区分表类型,"example_1"是一个的表结构名 -->
	<description> STRING
	    <Default>嵌套</Default>
		<describe>可自由搭配嵌套</describe>
	</description>
	<!-- 前面三个是必要字段  -->
	
	<custom_type1>							custom_type1						</custom_type1>
	
	<example_array>							custom_type2						</example_array>
</template>	
  
  
</root>