<root>	
	
	
	
	<custom_dict>	FIXED_DICT	
		<Properties>
			<sting> STRING 				<Default></Default> 				<describe> 字符串 </describe> 		</sting>
			<bool> BOOL 				<Default>false</Default>			<describe> 布尔型 </describe> 		</bool>
			<float> FLOAT 				<Default>0.0</Default>				<describe> 浮点型 </describe> 		</float>
			<vector2> VECTOR2 			<Default>10.0 100.0</Default>		<describe> 2D向量 </describe> 		</vector2>
			<vector3> VECTOR3 												<describe> 3D向量 </describe> 		</vector3>
			<vector4> VECTOR4 			<Default>1.0 2.0 3 4</Default>		<describe> 4D向量 </describe> 		</vector4>			
		</Properties>
	</custom_dict>
	
	<custom_dict2>	FIXED_DICT	
		<Properties>
			<sting> STRING 				<Default></Default> 				<describe> 字符串 </describe> 		</sting>
			<bool> BOOL 				<Default>false</Default>			<describe> 布尔型 </describe> 		</bool>
			<float> FLOAT 				<Default>0.0</Default>				<describe> 浮点型 </describe> 		</float>
			<vector2> VECTOR2 			<Default>10.0 100.0</Default>		<describe> 2D向量 </describe> 		</vector2>
			<vector3> VECTOR3 												<describe> 3D向量 </describe> 		</vector3>
			<vector4> VECTOR4 			<Default>1.0 2.0 3 4</Default>		<describe> 4D向量 </describe> 		</vector4>			
		</Properties>
	</custom_dict2>
	
	
	<custom_union> UNION						<describe> 联合体 </describe>
		<Properties>
			<整型> INT32 					<key>int</key>		<describe> 整型描述 </describe> 	</整型>											
			<浮点型> FLOAT 					<key>float</key>	<describe> 浮点型描述 </describe>	</浮点型>
			<二维向量> VECTOR2 				<key>vector2</key>	<describe>二维向量描述 </describe>	</二维向量>
			<三维向量> VECTOR3 				<key>vector3</key>	<describe> 三维向量描述 </describe>	</三维向量>
			<四维向量> VECTOR4 				<key>vector4</key>	<describe> 四维向量描述 </describe>	</四维向量>
			<字符串> STRING 				<key>string</key>	</字符串>
			<字典> custom_dict2 			<key>dict</key>		</字典>
		</Properties>	<Default>字典</Default>
	</custom_union>
	
	
	<custom_type1>	FIXED_DICT	
		<Properties>
			<custom_type_dict1> custom_dict  		<describe> 自定义字典1 </describe>				</custom_type_dict1>
			<custom_type_dict2> custom_dict2  		<describe> 自定义字典2 </describe>				</custom_type_dict2>	
		</Properties>
	</custom_type1>
	
	
	<custom_type2>	FIXED_DICT	
		<Properties>
			<custom_array> ARRAY<of>custom_dict</of>  		<describe> 自定义数组 </describe>				</custom_array>	
			<custom_array2> ARRAY<of>custom_union</of>  		<describe> 自定义联合体 </describe>				</custom_array2>	
		</Properties>
		
	</custom_type2>
</root>