
{
    "1" : {
        "id" : 1,
        "className" : "example_1",
        "description" : "\u4E00\u822C\u7C7B\u578B",
        "sting"       : "",
        "bool"        : false,
        "float"       : 0.0,
        "vector2"     : [
            10.0,
            100.0
        ],
        "vector3"     : [
            0.0,
            0.0,
            0.0
        ],
        "vector4"     : [
            1.0,
            2.0,
            3.0,
            4.0
        ],
        "enume"       : "3",
        "fixed_array" : [
            1,
            [
                0.0,
                0.0
            ],
            [
                0.0,
                0.0,
                0.0,
                0.0
            ]
        ],
        "array"       : [
        ],
        "mul_select"  : "1,2,3,4,5",
        "union"       : [
            "0",
            ""
        ],
        "fixed_dict"  : {
            "sting" : "",
            "bool"  : true,
            "float" : 0.0,
            "vector2" : [
                0.0,
                0.0
            ],
            "vector3" : [
                0.0,
                0.0,
                0.0
            ],
            "vector4" : [
                0.0,
                0.0,
                0.0,
                0.0
            ]
        }
    },
    "2" : {
        "id" : 2,
        "className" : "example_2",
        "description" : "\u5D4C\u5957",
        "custom_type1" : {
            "custom_type_dict1" : {
                "sting" : "",
                "bool"  : false,
                "float" : 0.0,
                "vector2" : [
                    10.0,
                    100.0
                ],
                "vector3" : [
                    0.0,
                    0.0,
                    0.0
                ],
                "vector4" : [
                    1.0,
                    2.0,
                    3.0,
                    4.0
                ]
            },
            "custom_type_dict2" : {
                "sting" : "",
                "bool"  : false,
                "float" : 0.0,
                "vector2" : [
                    10.0,
                    100.0
                ],
                "vector3" : [
                    0.0,
                    0.0,
                    0.0
                ],
                "vector4" : [
                    1.0,
                    2.0,
                    3.0,
                    4.0
                ]
            }
        },
        "example_array" : {
            "custom_array" : [
                {
                    "sting" : "",
                    "bool"  : false,
                    "float" : 0.0,
                    "vector2" : [
                        10.0,
                        100.0
                    ],
                    "vector3" : [
                        0.0,
                        0.0,
                        0.0
                    ],
                    "vector4" : [
                        1.0,
                        2.0,
                        3.0,
                        4.0
                    ]
                }
            ],
            "custom_array2" : [
                [
                    "float",
                    0.0
                ],
                [
                    "float",
                    0.0
                ],
                [
                    "dict",
                    {
                        "sting" : "",
                        "bool"  : false,
                        "float" : 0.0,
                        "vector2" : [
                            10.0,
                            100.0
                        ],
                        "vector3" : [
                            0.0,
                            0.0,
                            0.0
                        ],
                        "vector4" : [
                            1.0,
                            2.0,
                            3.0,
                            4.0
                        ]
                    }
                ]
            ]
        }
    },
    "4" : {
        "id" : 4,
        "className" : "example_1",
        "description" : "\u4E00\u822C\u7C7B\u578B",
        "sting"       : "",
        "bool"        : false,
        "float"       : 0.0,
        "vector2"     : [
            10.0,
            100.0
        ],
        "vector3"     : [
            0.0,
            0.0,
            0.0
        ],
        "vector4"     : [
            1.0,
            2.0,
            3.0,
            4.0
        ],
        "enume"       : "3",
        "fixed_array" : [
            1,
            [
                0.0,
                0.0
            ],
            [
                0.0,
                0.0,
                0.0,
                0.0
            ]
        ],
        "array"       : [
        ],
        "mul_select"  : "",
        "union"       : [
            "0",
            ""
        ],
        "fixed_dict"  : {
            "sting" : "",
            "bool"  : false,
            "float" : 0.0,
            "vector2" : [
                0.0,
                0.0
            ],
            "vector3" : [
                0.0,
                0.0,
                0.0
            ],
            "vector4" : [
                0.0,
                0.0,
                0.0,
                0.0
            ]
        }
    },
    "3" : {
        "id" : 3,
        "className" : "example_2",
        "description" : "\u5D4C\u5957",
        "custom_type1" : {
            "custom_type_dict1" : {
                "sting" : "",
                "bool"  : false,
                "float" : 0.0,
                "vector2" : [
                    100.0,
                    100.0
                ],
                "vector3" : [
                    0.0,
                    0.0,
                    0.0
                ],
                "vector4" : [
                    4.0,
                    2.0,
                    3.0,
                    4.0
                ]
            },
            "custom_type_dict2" : {
                "sting" : "",
                "bool"  : false,
                "float" : 0.0,
                "vector2" : [
                    100.0,
                    100.0
                ],
                "vector3" : [
                    0.0,
                    0.0,
                    0.0
                ],
                "vector4" : [
                    4.0,
                    2.0,
                    3.0,
                    4.0
                ]
            }
        },
        "example_array" : {
            "custom_array" : [
                {
                    "sting" : "",
                    "bool"  : false,
                    "float" : 0.0,
                    "vector2" : [
                        100.0,
                        100.0
                    ],
                    "vector3" : [
                        0.0,
                        0.0,
                        0.0
                    ],
                    "vector4" : [
                        4.0,
                        2.0,
                        3.0,
                        4.0
                    ]
                },
                {
                    "sting" : "",
                    "bool"  : false,
                    "float" : 0.0,
                    "vector2" : [
                        100.0,
                        100.0
                    ],
                    "vector3" : [
                        0.0,
                        0.0,
                        0.0
                    ],
                    "vector4" : [
                        4.0,
                        2.0,
                        3.0,
                        4.0
                    ]
                },
                {
                    "sting" : "",
                    "bool"  : false,
                    "float" : 0.0,
                    "vector2" : [
                        10.0,
                        100.0
                    ],
                    "vector3" : [
                        0.0,
                        0.0,
                        0.0
                    ],
                    "vector4" : [
                        1.0,
                        2.0,
                        3.0,
                        4.0
                    ]
                },
                {
                    "sting" : "\u963F\u5927\u6492",
                    "bool"  : false,
                    "float" : 0.0,
                    "vector2" : [
                        10.0,
                        100.0
                    ],
                    "vector3" : [
                        0.0,
                        0.0,
                        0.0
                    ],
                    "vector4" : [
                        1.0,
                        2.0,
                        3.0,
                        4.0
                    ]
                }
            ],
            "custom_array2" : [
                [
                    "dict",
                    {
                        "sting" : "",
                        "bool"  : false,
                        "float" : 0.0,
                        "vector2" : [
                            100.0,
                            100.0
                        ],
                        "vector3" : [
                            0.0,
                            0.0,
                            0.0
                        ],
                        "vector4" : [
                            4.0,
                            2.0,
                            3.0,
                            4.0
                        ]
                    }
                ]
            ]
        }
    },
    "5" : {
        "id" : 5,
        "className" : "example_2",
        "description" : "\u5D4C\u5957",
        "custom_type1" : {
            "custom_type_dict1" : {
                "sting" : "",
                "bool"  : false,
                "float" : 0.0,
                "vector2" : [
                    10.0,
                    100.0
                ],
                "vector3" : [
                    0.0,
                    0.0,
                    0.0
                ],
                "vector4" : [
                    1.0,
                    2.0,
                    3.0,
                    4.0
                ]
            },
            "custom_type_dict2" : {
                "sting" : "",
                "bool"  : false,
                "float" : 0.0,
                "vector2" : [
                    10.0,
                    100.0
                ],
                "vector3" : [
                    0.0,
                    0.0,
                    0.0
                ],
                "vector4" : [
                    1.0,
                    2.0,
                    3.0,
                    4.0
                ]
            }
        },
        "example_array" : {
            "custom_array" : [
                {
                    "sting" : "",
                    "bool"  : false,
                    "float" : 0.0,
                    "vector2" : [
                        10.0,
                        100.0
                    ],
                    "vector3" : [
                        0.0,
                        0.0,
                        0.0
                    ],
                    "vector4" : [
                        1.0,
                        2.0,
                        3.0,
                        4.0
                    ]
                },
                {
                    "sting" : "",
                    "bool"  : false,
                    "float" : 0.0,
                    "vector2" : [
                        10.0,
                        100.0
                    ],
                    "vector3" : [
                        0.0,
                        0.0,
                        0.0
                    ],
                    "vector4" : [
                        1.0,
                        2.0,
                        3.0,
                        4.0
                    ]
                }
            ],
            "custom_array2" : [
                [
                    "dict",
                    {
                        "sting" : "",
                        "bool"  : false,
                        "float" : 0.0,
                        "vector2" : [
                            10.0,
                            100.0
                        ],
                        "vector3" : [
                            0.0,
                            0.0,
                            0.0
                        ],
                        "vector4" : [
                            1.0,
                            2.0,
                            3.0,
                            4.0
                        ]
                    }
                ]
            ]
        }
    }
}