[
	{
		"describe"			:"示例",
		"data_path"			:"C:/Users/new/Desktop/xtree_config_tools_0.8/Configs/example.json",
		"template_type_path":"/xtree_template/example/example_template.xml",
		"tree_template_path":"/xtree_template/example/example_type.xml"
	},
	{
		"describe"			:"示例2",
		"data_path"			:"C:/Users/new/Desktop/xtree_config_tools_0.8/Configs/example.json",
		"template_type_path":"/xtree_template/example/example_template.xml",
		"tree_template_path":"/xtree_template/example/example_type.xml"
	}
]